job_growth,job_growth_per,job_growth_min_1,job_growth_min_3,job_growth_min_6,job_growth_min_12,bls_avg_weeks_unemp_per,avg_weeks_unemp,avg_weeks_unemp_min_1,avg_weeks_unemp_min_3,avg_weeks_unemp_min_6,avg_weeks_unemp_min_12,bls_emp_pop_ratio_per,emp_pop_ratio,bls_lbr_frc_prtcp_per,lbr_frc_prtcp,bls_not_in_lbr_frc_thou,not_in_lbr_frc,bls_tot_emp_payrl_thou,totl_emp_payrl,bls_unemp_rate_per,unemp_rate,fed_fund_rate_per,fed_fund_rate,30_yr_fixed_mrtg_per,mortgage_rate,Import_index,import_idx,export_index,export_idx,cpi_index,cpi_idx,cpi_index_min_1,cpi_index_min_3,cpi_index_min_6,cpi_index_min_12,receipts,taxes,taxes_min_1,taxes_min_3,taxes_min_6,taxes_min_12,outlays,spending,spending_min_1,spending_min_3,spending_min_6,spending_min_12
0.085638,0.000856,-0.075590,0.175644,0.274477,0.050552,19.5,-6.8,-6.890756,-6.790756,-7.490756,-6.190756,62.4,1.7,65.8,0.7,515,-169.5,132753,-1379.0,5.3,-1.6,2.28,0.6,5.71,0.5,104.6,-20.5,105.6,-14.6,190.700,-22.4,-22.781773,-22.181773,-23.681773,-26.881773,202217,5886.6,19419,-59434,-61915,-104321,194111,-64514,-40315,-65111,-55050,-69916
0.099825,0.000998,0.085638,0.357112,0.012181,-0.064240,19.1,-7.2,-6.790756,-6.590756,-7.490756,-6.490756,62.4,1.7,65.9,0.8,485,-199.5,132992,-1140.0,5.4,-1.5,2.50,0.8,5.63,0.4,105.5,-19.6,105.7,-14.5,191.800,-21.3,-22.381773,-22.081773,-23.581773,-25.681773,100871,-95459.4,5887,-61783,-58601,-63905,214660,-43965,-64514,-66908,-79764,-53288
0.191616,0.001916,0.099825,-0.075590,-0.061617,0.163955,19.5,-6.8,-7.190756,-6.890756,-6.890756,-6.690756,62.4,1.7,65.9,0.8,480,-204.5,133126,-1006.0,5.2,-1.7,2.63,0.9,5.93,0.7,107.8,-17.3,106.4,-13.8,193.300,-19.8,-21.281773,-22.781773,-23.181773,-25.081773,148759,-47571.4,-95459,19419,11021,23761,220483,-38142,-43965,-40315,-75885,-56112
0.426579,0.004266,0.191616,0.085638,0.175644,0.124027,19.6,-6.7,-6.790756,-6.790756,-6.790756,-6.490756,62.7,2.0,66.1,1.0,393,-291.5,133489,-643.0,5.2,-1.7,2.79,1.1,5.86,0.6,108.8,-16.3,106.9,-13.3,194.600,-18.5,-19.781773,-22.381773,-22.181773,-23.981773,277614,81283.6,-47571,5887,-59434,-80880,219690,-38935,-38142,-64514,-65111,-80712
0.251320,0.002513,0.426579,0.099825,0.357112,0.231902,18.6,-7.7,-6.690756,-7.190756,-6.590756,-5.790756,62.8,2.1,66.1,1.0,392,-292.5,133664,-468.0,5.1,-1.8,3.00,1.3,5.72,0.5,107.9,-17.2,106.7,-13.5,194.400,-18.7,-18.481773,-21.281773,-22.081773,-23.381773,152731,-43599.4,81284,-95459,-61783,18052,188920,-69705,-38935,-43965,-66908,-63367
0.074148,0.000741,0.251320,0.191616,-0.075590,0.274477,17.9,-8.4,-7.690756,-6.790756,-6.890756,-7.490756,62.7,2.0,66.1,1.0,476,-208.5,133909,-223.0,5.0,-1.9,3.04,1.3,5.58,0.4,109.2,-15.9,106.7,-13.5,194.500,-18.6,-18.681773,-19.781773,-22.781773,-23.681773,234808,38477.6,-43599,-47571,19419,-61915,212335,-46290,-69705,-38142,-40315,-55050
0.220162,0.002202,0.074148,0.426579,0.085638,0.012181,17.6,-8.7,-8.390756,-6.690756,-6.790756,-7.490756,62.8,2.1,66.1,1.0,499,-185.5,134282,150.0,5.0,-1.9,3.26,1.5,5.70,0.5,110.5,-14.6,106.8,-13.4,195.400,-17.7,-18.581773,-18.481773,-22.381773,-23.581773,142092,-54238.4,38478,81284,5887,-58601,195487,-63138,-46290,-38935,-64514,-79764
0.287271,0.002873,0.220162,0.251320,0.099825,-0.061617,18.4,-7.9,-8.690756,-7.690756,-7.190756,-6.890756,62.9,2.2,66.2,1.1,384,-300.5,134478,346.0,4.9,-2.0,3.50,1.8,5.82,0.6,112.1,-13.0,106.6,-13.6,196.400,-16.7,-17.681773,-18.681773,-21.281773,-23.181773,155438,-40892.4,-54238,-43599,-95459,11021,206474,-52151,-63138,-69705,-43965,-75885
-0.023169,-0.000232,0.287271,0.074148,0.191616,0.175644,17.9,-8.4,-7.890756,-8.390756,-6.790756,-6.790756,62.8,2.1,66.1,1.0,362,-322.5,134545,413.0,5.0,-1.9,3.62,1.9,5.77,0.5,114.4,-10.7,107.5,-12.7,198.800,-14.3,-16.681773,-18.581773,-19.781773,-22.181773,251628,55297.6,-40892,38478,-47571,-59434,216394,-42231,-52151,-46290,-38142,-65111
0.103230,0.001032,-0.023169,0.220162,0.426579,0.357112,17.9,-8.4,-8.390756,-8.690756,-6.690756,-6.590756,62.8,2.1,66.1,1.0,392,-292.5,134629,497.0,5.0,-1.9,3.78,2.1,6.07,0.8,114.5,-10.6,108.3,-11.9,199.200,-13.9,-14.281773,-17.681773,-18.481773,-22.081773,149488,-46842.4,55298,-54238,81284,-61783,196764,-61861,-42231,-63138,-38935,-66908
-0.034374,-0.000344,0.103230,0.287271,0.251320,-0.075590,17.5,-8.8,-8.390756,-7.890756,-7.690756,-6.890756,62.7,2.0,66,0.9,404,-280.5,134966,834.0,5.0,-1.9,4.00,2.3,6.33,1.1,112.3,-12.8,107.6,-12.6,197.600,-15.5,-13.881773,-16.681773,-18.681773,-22.781773,138840,-57490.4,-46842,-40892,-43599,19419,221911,-36714,-61861,-52151,-69705,-40315
0.177545,0.001775,-0.034374,-0.023169,0.074148,0.085638,17.5,-8.8,-8.790756,-8.390756,-8.390756,-6.790756,62.8,2.1,66,0.9,451,-233.5,135125,993.0,4.9,-2.0,4.16,2.4,6.27,1.0,112.3,-12.8,107.7,-12.5,196.800,-16.3,-15.481773,-14.281773,-18.581773,-22.381773,241883,45552.6,-57490,55298,38478,5887,230916,-27709,-36714,-42231,-46290,-64514
0.278805,0.002788,0.177545,0.103230,0.220162,0.099825,16.9,-9.4,-8.790756,-8.390756,-8.690756,-7.190756,62.9,2.2,66,0.9,396,-288.5,135402,1270.0,4.7,-2.2,4.29,2.6,6.15,0.9,113.7,-11.4,108.5,-11.7,198.300,-14.8,-16.281773,-13.881773,-17.681773,-21.281773,230010,33679.6,45553,-46842,-54238,-95459,209045,-49580,-27709,-61861,-63138,-43965
0.214460,0.002145,0.278805,-0.034374,0.287271,0.191616,17.8,-8.5,-9.390756,-8.790756,-7.890756,-6.790756,63,2.3,66.1,1.0,386,-298.5,135717,1585.0,4.8,-2.1,4.49,2.8,6.25,1.0,112.8,-12.3,108.6,-11.6,198.700,-14.4,-14.781773,-15.481773,-16.681773,-19.781773,112853,-83477.4,33680,-57490,-40892,-47571,232091,-26534,-49580,-36714,-52151,-38142
0.197969,0.001980,0.214460,0.177545,-0.023169,0.426579,17.1,-9.2,-8.490756,-8.790756,-8.390756,-6.690756,63.1,2.4,66.2,1.1,451,-233.5,135997,1865.0,4.7,-2.2,4.59,2.9,6.32,1.1,112.7,-12.4,108.8,-11.4,199.800,-13.3,-14.381773,-16.281773,-14.281773,-18.481773,164563,-31767.4,-83477,45553,55298,81284,249843,-8782,-26534,-27709,-42231,-38935
0.013914,0.000139,0.197969,0.278805,0.103230,0.251320,16.7,-9.6,-9.190756,-9.390756,-8.390756,-7.690756,63,2.3,66.1,1.0,381,-303.5,136179,2047.0,4.7,-2.2,4.79,3.1,6.51,1.3,115.1,-10.0,109.6,-10.6,201.500,-11.6,-13.281773,-14.781773,-13.881773,-18.681773,315090,118759.6,-31767,33680,-46842,-43599,196249,-62376,-8782,-49580,-61861,-69705
0.228156,0.002282,0.013914,0.214460,-0.034374,0.074148,17.1,-9.2,-9.590756,-8.490756,-8.790756,-8.390756,63.1,2.4,66.1,1.0,323,-361.5,136202,2070.0,4.6,-2.3,4.94,3.2,6.60,1.4,117.2,-7.9,110.4,-9.8,202.500,-10.6,-11.581773,-14.381773,-15.481773,-18.581773,192657,-3673.4,118760,-83477,-57490,38478,235564,-23061,-62376,-26534,-36714,-46290
0.183220,0.001832,0.228156,0.197969,0.177545,0.220162,16.6,-9.7,-9.190756,-9.190756,-8.790756,-8.690756,63.1,2.4,66.2,1.1,481,-203.5,136279,2147.0,4.6,-2.3,4.99,3.3,6.68,1.5,117.3,-7.8,111.2,-9.0,202.900,-10.2,-10.581773,-13.281773,-16.281773,-17.681773,264355,68024.6,-3673,-31767,45553,-54238,243838,-14787,-23061,-8782,-27709,-63138
-0.104605,-0.001046,0.183220,0.013914,0.278805,0.287271,17.1,-9.2,-9.690756,-9.590756,-9.390756,-7.890756,63,2.3,66.1,1.0,428,-256.5,136486,2354.0,4.7,-2.2,5.24,3.5,6.76,1.5,118.2,-6.9,111.6,-8.6,203.500,-9.6,-10.181773,-11.581773,-14.781773,-16.681773,159761,-36569.4,68025,118760,33680,-40892,192925,-65700,-14787,-62376,-49580,-52151
0.293339,0.002933,-0.104605,0.228156,0.214460,-0.023169,17.1,-9.2,-9.190756,-9.190756,-8.490756,-8.390756,63.1,2.4,66.2,1.1,448,-236.5,136670,2538.0,4.7,-2.2,5.25,3.5,6.52,1.3,118.8,-6.3,112.1,-8.1,203.900,-9.2,-9.581773,-10.581773,-14.381773,-14.281773,153878,-42452.4,-36569,-3673,-83477,55298,218595,-40030,-65700,-23061,-26534,-42231
0.131374,0.001314,0.293339,0.183220,0.197969,0.103230,17.1,-9.2,-9.190756,-9.690756,-9.190756,-8.390756,63.1,2.4,66.1,1.0,325,-359.5,136827,2695.0,4.5,-2.4,5.25,3.5,6.40,1.2,116.2,-8.9,111.7,-8.5,202.900,-10.2,-9.181773,-10.181773,-13.281773,-13.881773,283298,86967.6,-42452,68025,-31767,-46842,227131,-31494,-40030,-14787,-8782,-61861
0.344578,0.003446,0.131374,-0.104605,0.013914,-0.034374,16.3,-10.0,-9.190756,-9.190756,-9.590756,-8.790756,63.3,2.6,66.2,1.1,331,-353.5,136829,2697.0,4.4,-2.5,5.25,3.5,6.36,1.1,113.3,-11.8,111.4,-8.8,201.800,-11.3,-10.181773,-9.581773,-11.581773,-15.481773,167693,-28637.4,86968,-36569,118760,-57490,217014,-41611,-31494,-65700,-62376,-36714
0.151396,0.001514,0.344578,0.293339,0.228156,0.177545,16.2,-10.1,-9.990756,-9.190756,-9.190756,-8.790756,63.3,2.6,66.3,1.2,349,-335.5,137039,2907.0,4.5,-2.4,5.25,3.5,6.24,1.0,113.8,-11.3,111.8,-8.4,201.500,-11.6,-11.281773,-9.181773,-10.581773,-16.281773,145866,-50464.4,-28637,-42452,-3673,45553,218907,-39718,-41611,-40030,-23061,-27709
0.299586,0.002996,0.151396,0.131374,0.183220,0.278805,16.1,-10.2,-10.090756,-9.190756,-9.690756,-9.390756,63.4,2.7,66.4,1.3,274,-410.5,137210,3078.0,4.4,-2.5,5.24,3.5,6.14,0.9,115.1,-10.0,112.5,-7.7,201.800,-11.3,-11.581773,-10.181773,-10.181773,-14.781773,259969,63638.6,-50464,86968,68025,33680,218007,-40618,-39718,-31494,-14787,-49580
0.039734,0.000397,0.299586,0.344578,-0.104605,0.214460,16.3,-10.0,-10.190756,-9.990756,-9.190756,-8.490756,63.3,2.6,66.4,1.3,442,-242.5,137448,3316.0,4.6,-2.3,5.25,3.5,6.22,1.0,113.7,-11.4,113,-7.2,202.416,-10.7,-11.281773,-11.281773,-9.581773,-14.381773,260609,64278.6,63639,-28637,-36569,-83477,222372,-36253,-40618,-41611,-65700,-26534
0.019859,0.000199,0.039734,0.151396,0.293339,0.197969,16.7,-9.6,-9.990756,-10.090756,-9.190756,-9.190756,63.3,2.6,66.3,1.2,375,-309.5,137536,3404.0,4.5,-2.4,5.26,3.5,6.29,1.1,114.1,-11.0,113.9,-6.3,203.499,-9.6,-10.665773,-11.581773,-9.181773,-13.281773,120312,-76018.4,64279,-50464,-42452,-31767,240305,-18320,-36253,-39718,-40030,-8782
0.180067,0.001801,0.019859,0.299586,0.131374,0.013914,17.8,-8.5,-9.590756,-10.190756,-9.190756,-9.590756,63.3,2.6,66.2,1.1,381,-303.5,137724,3592.0,4.4,-2.5,5.26,3.5,6.16,0.9,115.9,-9.2,114.7,-5.5,205.352,-7.7,-9.582773,-11.281773,-10.181773,-11.581773,166490,-29840.4,-76018,63639,86968,118760,262761,4136,-18320,-40618,-31494,-62376
-0.501640,-0.005016,0.180067,0.039734,0.344578,0.228156,16.9,-9.4,-8.490756,-9.990756,-9.990756,-9.190756,63,2.3,65.9,0.8,399,-285.5,137802,3670.0,4.5,-2.4,5.25,3.5,6.18,1.0,117.5,-7.6,115.2,-5.0,206.686,-6.4,-7.729773,-10.665773,-11.281773,-10.581773,383641,187310.6,-29840,64279,-28637,-3673,205967,-52658,4136,-36253,-41611,-23061
0.217741,0.002177,-0.501640,0.019859,0.151396,0.183220,16.6,-9.7,-9.390756,-9.590756,-10.090756,-9.690756,63,2.3,66,0.9,368,-316.5,137946,3814.0,4.4,-2.5,5.25,3.5,6.26,1.0,118.6,-6.5,115.5,-4.7,207.949,-5.1,-6.395773,-9.582773,-11.581773,-10.181773,164239,-32091.4,187311,-76018,-50464,68025,231937,-26688,-52658,-18320,-39718,-14787
0.109662,0.001097,0.217741,0.180067,0.299586,-0.104605,16.5,-9.8,-9.690756,-8.490756,-10.190756,-9.190756,63,2.3,66,0.9,401,-283.5,138017,3885.0,4.6,-2.3,5.25,3.5,6.66,1.4,120,-5.1,116,-4.2,208.352,-4.7,-5.132773,-7.729773,-11.281773,-9.581773,276517,80186.6,-32091,-29840,63639,-36569,249036,-9589,-26688,4136,-40618,-65700
-0.108173,-0.001082,0.109662,-0.501640,0.039734,0.293339,17.2,-9.1,-9.790756,-9.390756,-9.990756,-9.190756,62.9,2.2,66,0.9,367,-317.5,137984,3852.0,4.7,-2.2,5.26,3.5,6.70,1.5,121.5,-3.6,116.1,-4.1,208.299,-4.8,-4.729773,-6.395773,-10.665773,-9.181773,170439,-25891.4,80187,187311,64279,-42452,206886,-51739,-9589,-52658,-36253,-40030
-0.152839,-0.001528,-0.108173,0.217741,0.019859,0.131374,17,-9.3,-9.090756,-9.690756,-9.590756,-9.190756,62.7,2.0,65.8,0.7,392,-292.5,137968,3836.0,4.6,-2.3,5.02,3.3,6.57,1.3,121.1,-4.0,116.3,-3.9,207.917,-5.2,-4.782773,-5.132773,-9.582773,-10.181773,166545,-29785.4,-25891,-32091,-76018,86968,283518,24893,-51739,-26688,-18320,-31494
0.385772,0.003858,-0.152839,0.109662,0.180067,0.344578,16.3,-10.0,-9.290756,-9.790756,-8.490756,-9.990756,62.9,2.2,66,0.9,276,-408.5,138053,3921.0,4.7,-2.2,4.94,3.2,6.38,1.2,121.8,-3.3,116.7,-3.5,208.490,-4.6,-5.164773,-4.729773,-7.729773,-11.281773,285354,89023.6,-29785,80187,-29840,-28637,172488,-86137,24893,-9589,4136,-41611
-0.203769,-0.002038,0.385772,-0.108173,-0.501640,0.151396,17,-9.3,-9.990756,-9.090756,-9.390756,-10.090756,62.7,2.0,65.8,0.7,320,-364.5,138135,4003.0,4.7,-2.2,4.76,3.0,6.38,1.2,123.6,-1.5,117.6,-2.6,208.936,-4.1,-4.591773,-4.782773,-6.395773,-11.581773,178175,-18155.4,89024,-25891,187311,-50464,235014,-23611,-86137,-51739,-52658,-39718
0.444685,0.004447,-0.203769,-0.152839,0.217741,0.299586,17.3,-9.0,-9.290756,-9.290756,-9.690756,-10.190756,62.9,2.2,66,0.9,349,-335.5,138253,4121.0,4.7,-2.2,4.49,2.8,6.21,1.0,127.5,2.4,118.7,-1.5,210.177,-2.9,-4.145773,-5.164773,-5.132773,-11.281773,151055,-45275.4,-18155,-29785,-32091,63639,249293,-9332,-23611,24893,-26688,-40618
-0.219653,-0.002197,0.444685,0.385772,0.109662,0.039734,16.6,-9.7,-8.990756,-9.990756,-9.790756,-9.990756,62.7,2.0,66,0.9,363,-321.5,138350,4218.0,5.0,-1.9,4.24,2.5,6.10,0.9,127.3,2.2,119.3,-0.9,210.036,-3.0,-2.904773,-4.591773,-4.729773,-10.665773,276982,80651.6,-45275,89024,80187,64279,228721,-29904,-9332,-86137,-9589,-36253
0.071784,0.000718,-0.219653,-0.203769,-0.108173,0.019859,17.5,-8.8,-9.690756,-9.290756,-9.090756,-9.590756,62.9,2.2,66.2,1.1,467,-217.5,138365,4233.0,5.0,-1.9,3.94,2.2,5.76,0.5,129.2,4.1,120.7,0.5,211.080,-2.0,-3.045773,-4.145773,-4.782773,-9.582773,255217,58886.6,80652,-18155,-25891,-76018,237379,-21246,-29904,-23611,-51739,-18320
-0.151662,-0.001517,0.071784,0.444685,-0.152839,0.180067,16.9,-9.4,-8.790756,-8.990756,-9.290756,-8.490756,62.8,2.1,66,0.9,396,-288.5,138279,4147.0,4.9,-2.0,2.98,1.3,5.92,0.7,129.5,4.4,121.8,1.6,211.693,-1.4,-2.001773,-2.904773,-5.164773,-7.729773,105723,-90607.4,58887,-45275,-29785,-29840,281287,22662,-21246,-9332,24893,4136
-0.047894,-0.000479,-0.151662,-0.219653,0.385772,-0.501640,16.5,-9.8,-9.390756,-9.690756,-9.990756,-9.390756,62.7,2.0,66.1,1.0,401,-283.5,138199,4067.0,5.1,-1.8,2.61,0.9,5.97,0.7,133.5,8.4,123.8,3.6,213.528,0.4,-1.388773,-3.045773,-4.591773,-6.395773,178816,-17514.4,-90607,80652,89024,187311,227028,-31597,22662,-29904,-86137,-52658
0.031488,0.000315,-0.047894,0.071784,-0.203769,0.217741,16.9,-9.4,-9.790756,-8.790756,-9.290756,-9.690756,62.7,2.0,65.9,0.8,412,-272.5,137985,3853.0,5.0,-1.9,2.28,0.6,5.92,0.7,137.3,12.2,124.4,4.2,214.823,1.7,0.446227,-2.001773,-4.145773,-5.132773,403751,207420.6,-17514,58887,-18155,-32091,244469,-14156,-31597,-21246,-23611,-26688
-0.153286,-0.001533,0.031488,-0.151662,0.444685,0.109662,16.6,-9.7,-9.390756,-9.390756,-8.990756,-9.790756,62.5,1.8,66.1,1.0,400,-284.5,137803,3671.0,5.4,-1.5,1.98,0.3,6.04,0.8,141.2,16.1,124.8,4.6,216.632,3.6,1.741227,-1.388773,-2.904773,-4.729773,124272,-72058.4,207421,-90607,-45275,80187,290199,31574,-14156,22662,-9332,-9589
-0.117197,-0.001172,-0.153286,-0.047894,-0.219653,-0.108173,17.1,-9.2,-9.690756,-9.790756,-9.690756,-9.090756,62.4,1.7,66.1,1.0,420,-264.5,137631,3499.0,5.6,-1.3,2.00,0.3,6.32,1.1,145.5,20.4,126.1,5.9,218.815,5.7,3.550227,0.446227,-3.045773,-4.782773,259912,63581.6,-72058,-17514,80652,-25891,226365,-32260,31574,-31597,-29904,-51739
-0.140664,-0.001407,-0.117197,0.031488,0.071784,-0.152839,17,-9.3,-9.190756,-9.390756,-8.790756,-9.290756,62.2,1.5,66.1,1.0,461,-223.5,137421,3289.0,5.8,-1.1,2.01,0.3,6.43,1.2,147.5,22.4,128,7.8,219.964,6.9,5.733227,1.741227,-2.001773,-5.164773,160494,-35836.4,63582,207421,58887,-29785,263261,4636,-32260,-14156,-21246,24893
-0.226067,-0.002261,-0.140664,-0.153286,-0.151662,0.385772,17.7,-8.6,-9.290756,-9.690756,-9.390756,-9.990756,62,1.3,66.1,1.0,381,-303.5,137162,3030.0,6.1,-0.8,2.00,0.3,6.48,1.3,143,17.9,125.9,5.7,219.086,6.0,6.882227,3.550227,-1.388773,-4.591773,157016,-39314.4,-35836,-72058,-90607,89024,268930,10305,4636,31574,22662,-86137
-0.087464,-0.000875,-0.226067,-0.117197,-0.047894,-0.203769,18.6,-7.7,-8.590756,-9.190756,-9.790756,-9.290756,61.9,1.2,66,0.9,467,-217.5,136710,2578.0,6.1,-0.8,1.81,0.1,6.04,0.8,137.8,12.7,124.9,4.7,218.783,5.7,6.004227,5.733227,0.446227,-4.145773,272228,75897.6,-39314,63582,-17514,-18155,226494,-32131,10305,-32260,-31597,-23611
-0.188867,-0.001889,-0.087464,-0.140664,0.031488,0.444685,19.9,-6.4,-7.690756,-9.290756,-9.390756,-8.990756,61.7,1.0,66,0.9,484,-200.5,136236,2104.0,6.5,-0.4,0.97,-0.8,6.20,1.0,129.6,4.5,122.3,2.1,216.573,3.5,5.701227,6.882227,1.741227,-2.904773,164827,-31503.4,75898,-35836,207421,-45275,320360,61735,-32131,4636,-14156,-9332
-0.484800,-0.004848,-0.188867,-0.226067,-0.153286,-0.219653,18.9,-7.4,-6.390756,-8.590756,-9.690756,-9.690756,61.4,0.7,65.9,0.8,608,-76.5,135471,1339.0,6.8,-0.1,0.39,-1.3,6.09,0.9,120,-5.1,118.4,-1.8,212.425,-0.7,3.491227,6.004227,3.550227,-3.045773,144769,-51561.4,-31503,-39314,-72058,80652,269970,11345,61735,10305,31574,-29904
-0.507287,-0.005073,-0.484800,-0.087464,-0.117197,0.071784,19.9,-6.4,-7.390756,-7.690756,-9.190756,-8.790756,61,0.3,65.8,0.7,642,-42.5,134774,642.0,7.3,0.4,0.16,-1.6,5.33,0.1,114.5,-10.6,115.8,-4.4,210.228,-2.9,-0.656773,5.701227,5.733227,-2.001773,237786,41455.6,-51561,75898,63582,58887,289540,30915,11345,-32131,-32260,-21246
-0.848859,-0.008489,-0.507287,-0.188867,-0.140664,-0.151662,19.8,-6.5,-6.390756,-6.390756,-9.290756,-9.390756,60.6,-0.1,65.7,0.6,734,49.5,133976,-156.0,7.8,0.9,0.15,-1.6,5.06,-0.2,113,-12.1,116.6,-3.6,211.143,-1.9,-2.853773,3.491227,6.882227,-1.388773,226090,29759.6,41456,-31503,-35836,-90607,289548,30923,30915,61735,4636,22662
-0.360178,-0.003602,-0.848859,-0.484800,-0.226067,-0.047894,20.2,-6.1,-6.490756,-7.390756,-8.590756,-9.790756,60.3,-0.4,65.8,0.7,731,46.5,133275,-857.0,8.3,1.4,0.22,-1.5,5.13,-0.1,113,-12.1,116.3,-3.9,212.193,-0.9,-1.938773,-0.656773,6.004227,0.446227,87312,-109018.4,29760,-51561,-39314,-17514,281171,22546,30923,11345,10305,-31597
-0.658712,-0.006587,-0.360178,-0.507287,-0.087464,0.031488,20.9,-5.4,-6.090756,-6.390756,-7.690756,-9.390756,59.9,-0.8,65.6,0.5,685,0.5,132449,-1683.0,8.7,1.8,0.18,-1.5,5.00,-0.2,113.6,-11.5,115.5,-4.7,212.709,-0.4,-0.888773,-2.853773,5.701227,1.741227,128926,-67404.4,-109018,41456,75898,207421,320514,61889,22546,30915,-32131,-14156
-0.036246,-0.000362,-0.658712,-0.848859,-0.188867,-0.153286,21.7,-4.6,-5.390756,-6.490756,-6.390756,-9.690756,59.8,-0.9,65.7,0.6,740,55.5,131765,-2367.0,9.0,2.1,0.15,-1.6,4.81,-0.4,114.8,-10.3,116.1,-4.1,213.240,0.2,-0.372773,-1.938773,3.491227,3.550227,266206,69875.6,-67404,29760,-31503,-72058,287113,28488,61889,30923,61735,31574
-0.290069,-0.002901,-0.036246,-0.360178,-0.484800,-0.117197,22.4,-3.9,-4.590756,-6.090756,-7.390756,-9.190756,59.6,-1.1,65.7,0.6,792,107.5,131411,-2721.0,9.4,2.5,0.18,-1.5,4.86,-0.4,116.8,-8.3,116.6,-3.6,213.856,0.8,0.158227,-0.888773,-0.656773,5.733227,117217,-79113.4,69876,-109018,-51561,63582,306868,48243,28488,22546,11345,-32260
-0.170412,-0.001704,-0.290069,-0.658712,-0.507287,-0.140664,23.9,-2.4,-3.890756,-5.390756,-6.390756,-9.290756,59.4,-1.3,65.7,0.6,793,108.5,130944,-3188.0,9.5,2.6,0.21,-1.5,5.42,0.2,120,-5.1,117.8,-2.4,215.693,2.6,0.774227,-0.372773,-2.853773,6.882227,215340,19009.6,-79113,-67404,41456,-35836,309671,51046,48243,61889,30915,4636
-0.077138,-0.000771,-0.170412,-0.036246,-0.848859,-0.226067,25.1,-1.2,-2.390756,-4.590756,-6.490756,-8.590756,59.3,-1.4,65.5,0.4,796,111.5,130617,-3515.0,9.5,2.6,0.16,-1.6,5.22,0.0,119.3,-5.8,117.4,-2.8,215.351,2.3,2.611227,0.158227,-1.938773,6.004227,151481,-44849.4,19010,69876,29760,-39314,332160,73535,51046,28488,30923,10305
-0.292350,-0.002923,-0.077138,-0.290069,-0.360178,-0.087464,25.3,-1.0,-1.190756,-3.890756,-6.090756,-7.690756,59.1,-1.6,65.4,0.3,758,73.5,130401,-3731.0,9.6,2.7,0.16,-1.6,5.19,0.0,121.1,-4.0,118.1,-2.1,215.834,2.8,2.269227,0.774227,-0.888773,5.701227,145529,-50801.4,-44849,-79113,-109018,75898,249084,-9541,73535,48243,22546,-32131
-0.483182,-0.004832,-0.292350,-0.170412,-0.658712,-0.188867,26.6,0.3,-0.990756,-2.390756,-5.390756,-6.390756,58.7,-2.0,65.1,0.0,706,21.5,130174,-3958.0,9.8,2.9,0.15,-1.6,5.06,-0.2,121.3,-3.8,117.9,-2.3,215.969,2.9,2.752227,2.611227,-0.372773,3.491227,218880,22549.6,-50801,19010,-67404,-31503,264088,5463,-9541,51046,61889,61735
-0.278062,-0.002781,-0.483182,-0.077138,-0.036246,-0.484800,27.5,1.2,0.309244,-1.190756,-4.590756,-7.390756,58.5,-2.2,65,-0.1,808,123.5,129976,-4156.0,10.0,3.1,0.12,-1.6,4.95,-0.3,122.3,-2.8,117.9,-2.3,216.177,3.1,2.887227,2.269227,0.158227,-0.656773,135293,-61037.4,22550,-44849,69876,-51561,311656,53031,5463,73535,28488,11345
0.163979,0.001640,-0.278062,-0.292350,-0.290069,-0.507287,28.9,2.6,1.209244,-0.990756,-3.890756,-6.390756,58.6,-2.1,65,-0.1,861,176.5,129970,-4162.0,9.9,3.0,0.12,-1.6,4.88,-0.3,124.1,-1.0,118.9,-1.3,216.330,3.2,3.095227,2.752227,0.774227,-2.853773,133563,-62767.4,-61037,-50801,-79113,41456,253850,-4775,53031,-9541,48243,30915
-0.465891,-0.004659,0.163979,-0.483182,-0.170412,-0.848859,29.7,3.4,2.609244,0.309244,-2.390756,-6.490756,58.3,-2.4,64.6,-0.5,929,244.5,129687,-4445.0,9.9,3.0,0.12,-1.6,4.93,-0.3,124.4,-0.7,119.7,-0.5,215.949,2.9,3.248227,2.887227,2.611227,-1.938773,218919,22588.6,-62767,22550,19010,29760,310329,51704,-4775,5463,51046,30923
0.307942,0.003079,-0.465891,-0.278062,-0.077138,-0.360178,30.3,4.0,3.409244,1.209244,-1.190756,-6.090756,58.5,-2.2,64.8,-0.3,1065,380.5,129705,-4427.0,9.8,2.9,0.11,-1.6,5.03,-0.2,125.9,0.8,120.7,0.5,216.687,3.6,2.867227,3.095227,2.269227,-0.888773,205239,8908.6,22589,-61037,-44849,-109018,247873,-10752,51704,53031,73535,22546
0.103295,0.001033,0.307942,0.163979,-0.292350,-0.658712,29.8,3.5,4.009244,2.609244,-0.990756,-5.390756,58.5,-2.2,64.9,-0.2,1204,519.5,129655,-4477.0,9.8,2.9,0.13,-1.6,4.99,-0.2,125.8,0.7,120.3,0.1,216.741,3.7,3.605227,3.248227,2.752227,-0.372773,107520,-88810.4,8909,-62767,-50801,-67404,328429,69804,-10752,-4775,-9541,61889
0.122672,0.001227,0.103295,-0.465891,-0.483182,-0.036246,31.6,5.3,3.509244,3.409244,0.309244,-4.590756,58.5,-2.2,64.9,-0.2,994,309.5,129811,-4321.0,9.9,3.0,0.16,-1.6,4.97,-0.3,126.3,1.2,121.2,1.0,217.631,4.5,3.659227,2.867227,2.887227,0.158227,153358,-42972.4,-88810,22589,22550,69876,218745,-39880,69804,51704,5463,28488
0.393511,0.003935,0.122672,0.307942,-0.278062,-0.290069,33.3,7.0,5.309244,4.009244,1.209244,-3.890756,58.7,-2.0,65.2,0.1,1197,512.5,130062,-4070.0,9.9,3.0,0.20,-1.5,5.10,-0.1,127.7,2.6,122.5,2.3,218.009,4.9,4.549227,3.605227,3.095227,0.774227,245260,48929.6,-42972,8909,-61037,-79113,327950,69325,-39880,-10752,53031,48243
-0.040202,-0.000402,0.393511,0.103295,0.163979,-0.170412,34,7.7,7.009244,3.509244,2.609244,-2.390756,58.6,-2.1,64.9,-0.2,1083,398.5,130578,-3554.0,9.6,2.7,0.20,-1.5,4.89,-0.3,126.7,1.6,123.1,2.9,218.178,5.1,4.927227,3.659227,3.248227,2.611227,146794,-49536.4,48930,-88810,-62767,19010,282721,24096,69325,69804,-4775,51046
-0.071818,-0.000718,-0.040202,0.122672,-0.465891,-0.077138,34.5,8.2,7.709244,5.309244,3.409244,-1.190756,58.5,-2.2,64.6,-0.5,1207,522.5,130456,-3676.0,9.4,2.5,0.18,-1.5,4.74,-0.5,125.2,0.1,122.2,2.0,217.965,4.9,5.096227,4.549227,2.867227,2.269227,251048,54717.6,-49536,-42972,22589,-44849,319470,60845,24096,-39880,51704,73535
0.027310,0.000273,-0.071818,0.393511,0.307942,-0.292350,33.9,7.6,8.209244,7.009244,4.009244,-0.990756,58.5,-2.2,64.6,-0.5,1185,500.5,130395,-3737.0,9.4,2.5,0.18,-1.5,4.56,-0.7,125.2,0.1,122,1.8,218.011,4.9,4.883227,4.927227,3.605227,2.752227,155546,-40784.4,54718,48930,8909,-50801,320588,61963,60845,69325,-10752,-9541
0.186091,0.001861,0.027310,-0.040202,0.103295,-0.483182,33.7,7.4,7.609244,7.709244,3.509244,0.309244,58.6,-2.1,64.7,-0.4,1110,425.5,130353,-3779.0,9.5,2.6,0.19,-1.5,4.43,-0.8,125.7,0.6,123,2.8,218.312,5.2,4.929227,5.096227,3.659227,2.887227,163998,-32332.4,-40784,-49536,-88810,22550,254524,-4101,61963,24096,69804,5463
-0.030121,-0.000301,0.186091,-0.071818,0.122672,-0.278062,33.4,7.1,7.409244,8.209244,5.309244,1.209244,58.5,-2.2,64.6,-0.5,1209,524.5,130296,-3836.0,9.5,2.6,0.19,-1.5,4.35,-0.9,125.7,0.6,123.7,3.5,218.439,5.4,5.230227,4.883227,4.549227,3.095227,245207,48876.6,-32332,54718,-42972,-61037,279813,21188,-4101,60845,-39880,53031
-0.198714,-0.001987,-0.030121,0.027310,0.393511,0.163979,34,7.7,7.109244,7.609244,7.009244,2.609244,58.3,-2.4,64.4,-0.7,1219,534.5,130537,-3595.0,9.4,2.5,0.19,-1.5,4.23,-1.0,127.1,2.0,124.7,4.5,218.711,5.6,5.357227,4.929227,4.927227,3.248227,145951,-50379.4,48877,-40784,48930,-62767,286384,27759,21188,61963,69325,-4775
-0.053911,-0.000539,-0.198714,0.186091,-0.040202,-0.465891,33.9,7.6,7.709244,7.409244,7.709244,3.409244,58.2,-2.5,64.6,-0.5,1282,597.5,130674,-3458.0,9.8,2.9,0.19,-1.5,4.30,-0.9,129.2,4.1,126.6,6.4,218.803,5.7,5.629227,5.230227,5.096227,2.867227,148970,-47360.4,-50379,-32332,-49536,22589,299364,40739,27759,-4101,24096,51704
0.184834,0.001848,-0.053911,-0.030121,-0.071818,0.307942,34.7,8.4,7.609244,7.109244,8.209244,4.009244,58.3,-2.4,64.3,-0.8,1318,633.5,130745,-3387.0,9.3,2.4,0.18,-1.5,4.71,-0.5,131.0,5.9,127.5,7.3,219.179,6.1,5.721227,5.357227,4.883227,3.605227,236875,40544.6,-47360,48877,54718,8909,315009,56384,40739,21188,60845,-10752
-0.024408,-0.000244,0.184834,-0.198714,0.027310,0.103295,37.3,11.0,8.409244,7.709244,7.609244,3.509244,58.3,-2.4,64.2,-0.9,993,308.5,130815,-3317.0,9.2,2.3,0.17,-1.6,4.76,-0.5,133,7.9,129.1,8.9,220.223,7.1,6.097227,5.629227,4.929227,3.659227,226550,30219.6,40545,-50379,-40784,-88810,276346,17721,56384,27759,61963,69804
0.095500,0.000955,-0.024408,-0.053911,0.186091,0.122672,37.4,11.1,11.009244,7.609244,7.409244,5.309244,58.4,-2.3,64.2,-0.9,1020,335.5,130983,-3149.0,9.0,2.1,0.16,-1.6,4.95,-0.3,135.3,10.2,130.8,10.6,221.309,8.2,7.141227,5.721227,5.230227,4.549227,110656,-85674.4,30220,-47360,-32332,-42972,333163,74538,17721,40739,-4101,-39880
0.178623,0.001786,0.095500,0.184834,-0.030121,0.393511,39.1,12.8,11.109244,8.409244,7.109244,7.009244,58.4,-2.3,64.2,-0.9,921,236.5,131195,-2937.0,9.0,2.1,0.14,-1.6,4.84,-0.4,139.3,14.2,132.7,12.5,223.467,10.4,8.227227,6.097227,5.357227,4.927227,150894,-45436.4,-85674,40545,48877,48930,339048,80423,74538,56384,21188,69325
-0.027927,-0.000279,0.178623,-0.024408,-0.198714,-0.040202,38.7,12.4,12.809244,11.009244,7.709244,7.709244,58.4,-2.3,64.2,-0.9,989,304.5,131517,-2615.0,9.1,2.2,0.10,-1.6,4.84,-0.4,142.9,17.8,133.8,13.6,224.906,11.8,10.385227,7.141227,5.629227,5.096227,289543,93212.6,-45436,30220,-50379,-49536,329929,71304,80423,17721,27759,24096
0.020772,0.000208,-0.027927,0.095500,-0.053911,-0.071818,39.5,13.2,12.409244,11.109244,7.609244,8.209244,58.4,-2.3,64.1,-1.0,822,137.5,131619,-2513.0,9.0,2.1,0.09,-1.6,4.64,-0.6,143.1,18.0,134.3,14.1,225.964,12.9,11.824227,8.227227,5.721227,4.883227,174936,-21394.4,93213,-85674,-47360,54718,232577,-26048,71304,74538,40739,60845
-0.176885,-0.001769,0.020772,0.178623,0.184834,0.027310,39.8,13.5,13.209244,12.809244,8.409244,7.609244,58.2,-2.5,64.0,-1.1,982,297.5,131836,-2296.0,9.1,2.2,0.09,-1.6,4.51,-0.7,142.2,17.1,134.5,14.3,225.722,12.6,12.882227,10.385227,6.097227,4.929227,249658,53327.6,-21394,-45436,40545,-40784,292738,34113,-26048,80423,56384,61963
0.091827,0.000918,-0.176885,-0.027927,-0.024408,0.186091,40.6,14.3,13.509244,12.409244,11.009244,7.409244,58.2,-2.5,64.0,-1.1,1119,434.5,131942,-2190.0,9.0,2.1,0.07,-1.7,4.55,-0.7,142.4,17.3,134,13.8,225.922,12.8,12.640227,11.824227,7.141227,5.230227,159063,-37267.4,53328,93213,30220,-32332,288439,29814,34113,71304,17721,-4101
0.301032,0.003010,0.091827,0.020772,0.095500,-0.030121,40.4,14.1,14.309244,13.209244,11.109244,7.109244,58.3,-2.4,64.1,-1.0,977,292.5,132064,-2068.0,9.0,2.1,0.10,-1.6,4.27,-1.0,141.9,16.8,134.6,14.4,226.545,13.5,12.840227,12.882227,8.227227,5.357227,169246,-27084.4,-37267,-21394,-85674,48877,303388,44763,29814,-26048,74538,21188
0.154352,0.001544,0.301032,-0.176885,0.178623,-0.198714,40.4,14.1,14.109244,13.509244,12.809244,7.709244,58.4,-2.3,64.2,-0.9,1037,352.5,132285,-1847.0,9.0,2.1,0.08,-1.6,4.11,-1.1,141.7,16.6,135.3,15.1,226.889,13.8,13.463227,12.640227,10.385227,5.629227,240153,43822.6,-27084,53328,-45436,-50379,302903,44278,44763,34113,80423,27759
0.128428,0.001284,0.154352,0.091827,-0.027927,-0.053911,38.8,12.5,14.109244,14.309244,12.409244,7.609244,58.4,-2.3,64.1,-1.0,967,282.5,132468,-1664.0,8.8,1.9,0.07,-1.7,4.07,-1.2,141.2,16.1,132.6,12.4,226.421,13.3,13.807227,12.840227,11.824227,5.721227,163072,-33258.4,43823,-37267,93213,-47360,261539,2914,44278,29814,71304,40739
0.316384,0.003164,0.128428,0.301032,0.020772,0.184834,40.2,13.9,12.509244,14.109244,13.209244,8.409244,58.6,-2.1,64.1,-1.0,1096,411.5,132632,-1500.0,8.6,1.7,0.08,-1.6,3.99,-1.2,142.2,17.1,132.7,12.5,226.230,13.1,13.339227,13.463227,12.882227,6.097227,152402,-43928.4,-33258,-27084,-21394,40545,289704,31079,2914,44763,-26048,56384
0.078136,0.000781,0.316384,0.154352,-0.176885,-0.024408,40.5,14.2,13.909244,14.109244,13.509244,11.009244,58.6,-2.1,64.0,-1.1,945,260.5,132828,-1304.0,8.5,1.6,0.07,-1.7,3.96,-1.3,142.2,17.1,132.1,11.9,225.672,12.6,13.148227,13.807227,12.640227,7.141227,239963,43632.6,-43928,43823,53328,30220,325930,67305,31079,44278,34113,17721
0.527362,0.005274,0.078136,0.128428,0.091827,0.095500,40.3,14.0,14.209244,12.509244,14.309244,11.109244,58.5,-2.2,63.7,-1.4,1059,374.5,133188,-944.0,8.3,1.4,0.08,-1.6,3.92,-1.3,142.2,17.1,132.5,12.3,226.665,13.6,12.590227,13.339227,12.840227,8.227227,234319,37988.6,43633,-33258,-37267,-85674,261726,3101,67305,2914,29814,74538
0.196282,0.001963,0.527362,0.316384,0.301032,0.178623,39.9,13.6,14.009244,13.909244,14.109244,12.809244,58.5,-2.2,63.8,-1.3,1006,321.5,133414,-718.0,8.3,1.4,0.10,-1.6,3.89,-1.3,142.2,17.1,133.1,12.9,227.663,14.6,13.583227,13.148227,13.463227,10.385227,103413,-92917.4,37989,-43928,-27084,-45436,335090,76465,3101,31079,44763,80423
0.111337,0.001113,0.196282,0.078136,0.154352,-0.027927,39.3,13.0,13.609244,14.209244,14.109244,12.409244,58.6,-2.1,63.8,-1.3,865,180.5,133657,-475.0,8.2,1.3,0.13,-1.6,3.95,-1.3,144.2,19.1,134.1,13.9,229.392,16.3,14.581227,12.590227,13.807227,11.824227,171215,-25115.4,-92917,43633,43823,93213,369372,110747,76465,67305,44278,71304
-0.081650,-0.000817,0.111337,0.527362,0.128428,0.020772,39.3,13.0,13.009244,14.009244,12.509244,13.209244,58.5,-2.2,63.7,-1.4,968,283.5,133753,-379.0,8.2,1.3,0.14,-1.6,3.91,-1.3,144.1,19.0,134.7,14.5,230.085,17.0,16.310227,13.583227,13.339227,12.882227,318807,122476.6,-25115,37989,-33258,-21394,259690,1065,110747,3101,2914,-26048
0.195839,0.001958,-0.081650,0.196282,0.316384,-0.176885,39.5,13.2,13.009244,13.609244,13.909244,13.509244,58.5,-2.2,63.8,-1.3,830,145.5,133863,-269.0,8.2,1.3,0.16,-1.6,3.80,-1.4,142,16.9,134,13.8,229.815,16.7,17.003227,14.581227,13.148227,12.640227,180713,-15617.4,122477,-92917,-43928,53328,305348,46723,1065,76465,31079,34113
0.118821,0.001188,0.195839,0.111337,0.078136,0.091827,40.1,13.8,13.209244,13.009244,14.209244,14.309244,58.6,-2.1,63.8,-1.3,821,136.5,133951,-181.0,8.2,1.3,0.16,-1.6,3.68,-1.5,138.7,13.6,131.7,11.5,229.478,16.4,16.733227,16.310227,12.590227,12.840227,260177,63846.6,-15617,-25115,43633,-37267,319919,61294,46723,110747,67305,29814
-0.091292,-0.000913,0.118821,-0.081650,0.527362,0.301032,39.2,12.9,13.809244,13.009244,14.009244,14.109244,58.5,-2.2,63.7,-1.4,852,167.5,134111,-21.0,8.2,1.3,0.16,-1.6,3.55,-1.7,137.7,12.6,132.2,12.0,229.104,16.0,16.396227,17.003227,13.583227,13.463227,184585,-11745.4,63847,122477,37989,-27084,254190,-4435,61294,1065,3101,44763
0.004920,0.000049,-0.091292,0.195839,0.196282,0.154352,39.4,13.1,12.909244,13.209244,13.609244,14.109244,58.4,-2.3,63.5,-1.6,844,159.5,134261,129.0,8.0,1.1,0.13,-1.6,3.60,-1.6,139.4,14.3,133.4,13.2,230.379,17.3,16.022227,16.733227,14.581227,13.807227,178860,-17470.4,-11745,-15617,-92917,43823,369393,110768,-4435,46723,76465,44278
0.475130,0.004751,0.004920,0.118821,0.111337,0.128428,39.7,13.4,13.109244,13.809244,13.009244,12.509244,58.6,-2.1,63.6,-1.5,802,117.5,134422,290.0,7.8,0.9,0.14,-1.6,3.50,-1.7,140.8,15.7,134.5,14.3,231.407,18.3,17.297227,16.396227,16.310227,13.339227,261566,65235.6,-17470,63847,-25115,-33258,186386,-72239,110768,61294,110747,2914
0.277714,0.002777,0.475130,-0.091292,-0.081650,0.316384,39.9,13.6,13.409244,12.909244,13.009244,13.909244,58.8,-1.9,63.7,-1.4,813,128.5,134647,515.0,7.8,0.9,0.16,-1.6,3.38,-1.8,141.2,16.1,134.6,14.4,231.317,18.2,18.325227,16.022227,17.003227,13.148227,184316,-12014.4,65236,-11745,122477,-43928,304311,45686,-72239,-4435,1065,31079
-0.049529,-0.000495,0.277714,0.004920,0.195839,0.078136,39,12.7,13.609244,13.109244,13.209244,14.209244,58.7,-2.0,63.6,-1.5,979,294.5,134850,718.0,7.7,0.8,0.16,-1.6,3.35,-1.9,140.2,15.1,133.8,13.6,230.221,17.1,18.235227,17.297227,16.733227,12.590227,161730,-34600.4,-12014,-17470,-15617,43633,333841,75216,45686,110768,46723,67305
0.000698,0.000007,-0.049529,0.475130,0.118821,0.527362,37.8,11.5,12.709244,13.409244,13.809244,14.009244,58.6,-2.1,63.7,-1.4,1068,383.5,135064,932.0,7.9,1.0,0.16,-1.6,3.35,-1.9,139.4,14.3,133.6,13.4,229.601,16.5,17.139227,18.325227,16.396227,13.583227,269508,73177.6,-34600,65236,63847,37989,270699,12074,75216,-72239,61294,3101
0.033501,0.000335,0.000698,0.277714,-0.091292,0.196282,35.5,9.2,11.509244,13.609244,12.909244,13.609244,58.6,-2.1,63.7,-1.4,804,119.5,135261,1129.0,8.0,1.1,0.14,-1.6,3.41,-1.8,140.1,15.0,134.1,13.9,230.280,17.2,16.519227,18.235227,16.022227,14.581227,272225,75894.6,73178,-12014,-11745,-92917,269340,10715,12074,45686,-4435,76465
0.070468,0.000705,0.033501,-0.049529,0.004920,0.111337,36.7,10.4,9.209244,12.709244,13.109244,13.009244,58.6,-2.1,63.5,-1.6,885,200.5,135541,1409.0,7.7,0.8,0.15,-1.6,3.53,-1.7,141.3,16.2,135.1,14.9,232.166,19.1,17.198227,17.139227,17.297227,16.310227,122815,-73515.4,75895,-34600,-17470,-25115,326354,67729,10715,75216,110768,110747
-0.038346,-0.000383,0.070468,0.000698,0.475130,-0.081650,36.9,10.6,10.409244,11.509244,13.409244,13.009244,58.5,-2.2,63.3,-1.8,803,118.5,135682,1550.0,7.5,0.6,0.14,-1.6,3.57,-1.7,141.2,16.1,134.4,14.2,232.773,19.7,19.084227,16.519227,18.325227,17.003227,186018,-10312.4,-73515,73178,65236,122477,292548,33923,67729,12074,-72239,1065
0.202966,0.002030,-0.038346,0.033501,0.277714,0.195839,36.5,10.2,10.609244,9.209244,13.609244,13.209244,58.6,-2.1,63.4,-1.7,835,150.5,135885,1753.0,7.6,0.7,0.15,-1.6,3.45,-1.8,140.2,15.1,133.6,13.4,232.531,19.4,19.691227,17.198227,18.235227,16.733227,406723,210392.6,-10312,75895,-12014,-15617,293834,35209,33923,10715,45686,46723
0.156614,0.001566,0.202966,0.070468,-0.049529,0.118821,36.9,10.6,10.209244,10.409244,12.709244,13.809244,58.6,-2.1,63.4,-1.7,780,95.5,136084,1952.0,7.5,0.6,0.11,-1.6,3.54,-1.7,139.4,14.3,132.9,12.7,232.945,19.9,19.449227,19.084227,17.139227,16.396227,197182,851.6,210393,-73515,-34600,63847,335914,77289,35209,67729,75216,61294
0.093822,0.000938,0.156614,-0.038346,0.000698,-0.091292,35.9,9.6,10.609244,10.609244,11.509244,12.909244,58.7,-2.0,63.4,-1.7,1027,342.5,136285,2153.0,7.5,0.6,0.09,-1.6,4.07,-1.2,138.8,13.7,132.8,12.6,233.504,20.4,19.863227,19.691227,16.519227,16.022227,286627,90296.6,852,-10312,73178,-11745,170126,-88499,77289,33923,12074,-4435
0.173581,0.001736,0.093822,0.202966,0.033501,0.004920,37.1,10.8,9.609244,10.209244,9.209244,13.109244,58.7,-2.0,63.3,-1.8,988,303.5,136434,2302.0,7.3,0.4,0.09,-1.6,4.37,-0.9,138.9,13.8,132.6,12.4,233.596,20.5,20.422227,19.449227,17.198227,17.297227,200030,3699.6,90297,210393,75895,-17470,297627,39002,-88499,35209,10715,110768
0.009011,0.000090,0.173581,0.156614,0.070468,0.475130,37.4,11.1,10.809244,10.609244,10.409244,13.409244,58.7,-2.0,63.2,-1.9,866,181.5,136636,2504.0,7.2,0.3,0.08,-1.6,4.46,-0.8,139.4,14.3,131.9,11.7,233.877,20.8,20.514227,19.863227,19.084227,18.325227,185370,-10960.4,3700,852,-73515,65236,333275,74650,39002,77289,67729,-72239
0.006238,0.000062,0.009011,0.093822,-0.038346,0.277714,37.2,10.9,11.109244,9.609244,10.609244,13.609244,58.6,-2.1,63.2,-1.9,852,167.5,136800,2668.0,7.2,0.3,0.08,-1.6,4.49,-0.7,139.8,14.7,132.4,12.2,234.149,21.1,20.795227,20.422227,19.691227,18.235227,301469,105138.6,-10960,90297,-10312,-12014,226355,-32270,74650,-88499,33923,45686
-0.584905,-0.005849,0.006238,0.173581,0.202966,-0.049529,35.5,9.2,10.909244,10.809244,10.209244,12.709244,58.2,-2.5,62.8,-2.3,815,130.5,137037,2905.0,7.2,0.3,0.09,-1.6,4.19,-1.0,138.9,13.8,131.6,11.4,233.546,20.5,21.067227,20.514227,19.449227,17.139227,198927,2596.6,105139,3700,210393,-34600,289511,30886,-32270,39002,35209,75216
0.722885,0.007229,-0.584905,0.009011,0.156614,0.000698,36.8,10.5,9.209244,11.109244,10.609244,11.509244,58.6,-2.1,63.0,-2.1,762,77.5,137311,3179.0,7.0,0.1,0.08,-1.6,4.26,-1.0,137.7,12.6,131.8,11.6,233.069,20.0,20.464227,20.795227,19.863227,16.519227,182453,-13877.4,2597,-10960,852,73178,317679,59054,30886,74650,77289,12074
0.125268,0.001253,0.722885,0.006238,0.093822,0.033501,36.8,10.5,10.509244,10.909244,9.609244,9.209244,58.6,-2.1,62.8,-2.3,917,232.5,137395,3263.0,6.7,-0.2,0.09,-1.6,4.46,-0.8,137.8,12.7,132.3,12.1,233.049,20.0,19.987227,21.067227,20.422227,17.198227,285041,88710.6,-13877,105139,90297,75895,231821,-26804,59054,-32270,-88499,10715